{
  "version": 1,
  "author": "Baiq Iis Apriliani",
  "editor": "wokwi",
  "parts": [
    { "type": "board-esp32-devkit-c-v4", "id": "esp", "top": -19.2, "left": -129.56, "attrs": {} },
    { "type": "wokwi-hc-sr04", "id": "ultrasonic1", "top": 11.1, "left": 43.9, "attrs": {} }
  ],
  "connections": [
    [ "esp:TX", "$serialMonitor:RX", "", [] ],
    [ "esp:RX", "$serialMonitor:TX", "", [] ],
    [ "ultrasonic1:VCC", "esp:5V", "red", [ "v86.4", "h-249.6" ] ],
    [ "ultrasonic1:TRIG", "esp:5", "green", [ "v0" ] ],
    [ "ultrasonic1:ECHO", "esp:18", "green", [ "v-19.2", "h-164" ] ],
    [ "ultrasonic1:GND", "esp:GND.3", "black", [ "v0" ] ]
  ],
  "dependencies": {}
}