{
  "version": 1,
  "author": "Baiq Iis Apriliani",
  "editor": "wokwi",
  "parts": [
    { "type": "board-esp32-devkit-c-v4", "id": "esp", "top": 0, "left": 0, "attrs": {} },
    { "type": "wokwi-led", "id": "led1", "top": -22.8, "left": -121, "attrs": { "color": "red" } },
    {
      "type": "wokwi-led",
      "id": "led2",
      "top": -22.8,
      "left": -207.4,
      "attrs": { "color": "yellow" }
    },
    {
      "type": "wokwi-led",
      "id": "led3",
      "top": -22.8,
      "left": -255.4,
      "attrs": { "color": "green" }
    }
  ],
  "connections": [
    [ "esp:TX", "$serialMonitor:RX", "", [] ],
    [ "esp:RX", "$serialMonitor:TX", "", [] ],
    [ "led1:A", "esp:26", "green", [ "v96", "h96" ] ],
    [ "led2:A", "esp:33", "green", [ "v76.8", "h182.4" ] ],
    [ "led1:C", "esp:GND.1", "green", [ "v134.4", "h106" ] ],
    [ "led2:C", "esp:GND.1", "green", [ "v134.4", "h192.4" ] ],
    [ "led3:A", "esp:25", "green", [ "v0" ] ],
    [ "led3:C", "esp:GND.1", "green", [ "v0" ] ]
  ],
  "dependencies": {}
}