{
  "version": 1,
  "author": "Baiq Iis Apriliani",
  "editor": "wokwi",
  "parts": [
    { "type": "board-esp32-devkit-c-v4", "id": "esp", "top": -9.6, "left": -129.56, "attrs": {} },
    { "type": "wokwi-relay-module", "id": "relay1", "top": -38.2, "left": 76.8, "attrs": {} },
    {
      "type": "wokwi-pushbutton",
      "id": "btn1",
      "top": 73.4,
      "left": 67.2,
      "attrs": { "color": "green", "xray": "1" }
    },
    { "type": "wokwi-led", "id": "led1", "top": 169.2, "left": -5.8, "attrs": { "color": "red" } }
  ],
  "connections": [
    [ "esp:TX", "$serialMonitor:RX", "", [] ],
    [ "esp:RX", "$serialMonitor:TX", "", [] ],
    [ "relay1:VCC", "esp:3V3", "red", [ "h0" ] ],
    [ "relay1:GND", "esp:GND.2", "black", [ "h0" ] ],
    [ "relay1:IN", "esp:23", "green", [ "h-57.6", "v9.4" ] ],
    [ "btn1:1.l", "esp:19", "green", [ "h0" ] ],
    [ "btn1:2.l", "esp:GND.2", "green", [ "h-67.2", "v-86.2" ] ],
    [ "led1:A", "esp:18", "green", [ "v-115.2" ] ],
    [ "led1:C", "esp:GND.2", "green", [ "v-201.6", "h0.4" ] ]
  ],
  "dependencies": {}
}